Иванова Иван Иванович;ЧудоПроект;2022;28.03.2022;03.04.2022;7
Иванова Иван Иванович;ЧудоПроект;2022;01.08.2022;14.08.2022;14
Иванова Иван Иванович;ЧудоПроект;2022;26.09.2022;02.10.2022;7
Петров Петр Петрович;ЧудоПроект;2022;20.06.2022;26.06.2022;7
Петров Петр Петрович;ЧудоПроект;2022;08.08.2022;21.08.2022;14
Петров Петр Петрович;ЧудоПроект;2022;03.10.2022;09.10.2022;7
Сидоров Сидр Сидорович;ЧудоПроект;2022;01.03.2022;07.03.2022;7
Сидоров Сидр Сидорович;ЧудоПроект;2022;04.07.2022;17.07.2022;14
Сидоров Сидр Сидорович;ЧудоПроект;2022;14.11.2022;20.11.2022;7
Маринина Марина Ивановна;ЧудоПроект;2022;11.05.2022;17.05.2022;7
Маринина Марина Ивановна;ЧудоПроект;2022;22.08.2022;04.09.2022;14
Маринина Марина Ивановна;ЧудоПроект;2022;07.11.2022;13.11.2022;7
Сергеев Сергей Сергеевич;ЧудоПроект;2022;27.06.2022;10.07.2022;14
Сергеев Сергей Сергеевич;ЧудоПроект;2022;12.09.2022;18.09.2022;7
Сергеев Сергей Сергеевич;ЧудоПроект;2022;12.12.2022;18.12.2022;7
Александрова Александра Александровна;ЧудоПроект;2022;08.08.2022;30.08.2022;23
Александрова Александра Александровна;ЧудоПроект;2022;22.08.2022;30.08.2022;9
Александрова Александра Александровна;ЧудоПроект;2022;26.12.2022;30.12.2022;5
Мишин Мизаил Михайлович;ЧудоПроект;2022;25.04.2022;02.05.2022;7
Мишин Мизаил Михайлович;ЧудоПроект;2022;25.07.2022;31.07.2022;7
Мишин Мизаил Михайлович;ЧудоПроект;2022;07.11.2022;20.11.2022;14
Егоров Егор Егорьевич;ЧудоПроект;2022;01.06.2022;10.06.2022;10
Егоров Егор Егорьевич;ЧудоПроект;2022;25.07.2022;07.08.2022;14
Егоров Егор Егорьевич;ЧудоПроект;2022;27.12.2022;30.12.2022;4
Дмитриев Дмитрий Дмитриевич;ЧудоПроект;2022;13.06.2022;27.06.2022;15
Дмитриев Дмитрий Дмитриевич;ЧудоПроект;2022;17.10.2022;29.10.2022;13
